{"main": [-0.30406930508259755, 0.049054864314737885], "hjcheck": [-0.7917932484851775, -0.03781198447804293], "crypto": [-0.9765820199056984, -0.18291202855310534], "catal": [0.5298445774919617, 0.2823715498908676], "commands": [-0.6651162790697674, 0.3023255813953488], "settings": [-0.24186046511627907, -0.24186046511627907], "mods": [0.3023255813953488, -0.3023255813953488], "catalyst": [0.24186046511627907, 0.4232558139534884]}